{"mse": 0.25955027454158003, "rmse": 0.5094607684028084, "mae": 0.3807172947489948, "r2": 0.9104634359634414}